{
	"credit": "Made with Blockbench",
	"texture_size": [64, 64],
	"textures": {
		"1": "item/car",
		"2": "item/avatar",
		"particle": "item/avatar"
	},
	"elements": [
		{
			"name": "body",
			"from": [-1, 3, 2],
			"to": [17, 7, 14],
			"faces": {
				"north": {"uv": [4.5, 5, 9, 6], "texture": "#1"},
				"east": {"uv": [4.5, 6, 7.5, 7], "texture": "#1"},
				"south": {"uv": [0, 6, 4.5, 7], "texture": "#1"},
				"west": {"uv": [0, 7, 3, 8], "texture": "#1"},
				"up": {"uv": [4.5, 3, 0, 0], "texture": "#1"},
				"down": {"uv": [4.5, 3, 0, 6], "texture": "#1"}
			}
		},
		{
			"from": [1, 12, 3],
			"to": [11, 13, 13],
			"faces": {
				"north": {"uv": [7.5, 6, 10, 6.25], "texture": "#1"},
				"east": {"uv": [7.5, 6.25, 10, 6.5], "texture": "#1"},
				"south": {"uv": [7.5, 6.5, 10, 6.75], "texture": "#1"},
				"west": {"uv": [7.5, 6.75, 10, 7], "texture": "#1"},
				"up": {"uv": [7, 2.5, 4.5, 0], "texture": "#1"},
				"down": {"uv": [7, 2.5, 4.5, 5], "texture": "#1"}
			}
		},
		{
			"from": [10, 7, 3],
			"to": [11, 13, 4],
			"faces": {
				"north": {"uv": [5.75, 8.25, 6, 9.75], "texture": "#1"},
				"east": {"uv": [6, 8.25, 6.25, 9.75], "texture": "#1"},
				"south": {"uv": [6.25, 8.25, 6.5, 9.75], "texture": "#1"},
				"west": {"uv": [6.5, 8.25, 6.75, 9.75], "texture": "#1"},
				"up": {"uv": [3.25, 9, 3, 8.75], "texture": "#1"},
				"down": {"uv": [3.5, 8.75, 3.25, 9], "texture": "#1"}
			}
		},
		{
			"from": [10, 7, 12],
			"to": [11, 13, 13],
			"faces": {
				"north": {"uv": [2.75, 8, 3, 9.5], "texture": "#1"},
				"east": {"uv": [5, 8.25, 5.25, 9.75], "texture": "#1"},
				"south": {"uv": [5.25, 8.25, 5.5, 9.75], "texture": "#1"},
				"west": {"uv": [5.5, 8.25, 5.75, 9.75], "texture": "#1"},
				"up": {"uv": [2.5, 8.75, 2.25, 8.5], "texture": "#1"},
				"down": {"uv": [2.5, 8.75, 2.25, 9], "texture": "#1"}
			}
		},
		{
			"from": [1, 7, 3],
			"to": [5, 13, 4],
			"faces": {
				"north": {"uv": [7, 2, 8, 3.5], "texture": "#1"},
				"east": {"uv": [6.75, 8.25, 7, 9.75], "texture": "#1"},
				"south": {"uv": [3, 7, 4, 8.5], "texture": "#1"},
				"west": {"uv": [7, 8.25, 7.25, 9.75], "texture": "#1"},
				"up": {"uv": [2.25, 8.75, 1.25, 8.5], "texture": "#1"},
				"down": {"uv": [4, 8.5, 3, 8.75], "texture": "#1"}
			}
		},
		{
			"from": [10, 7, 3],
			"to": [11, 8, 13],
			"faces": {
				"north": {"uv": [3.5, 8.75, 3.75, 9], "texture": "#1"},
				"east": {"uv": [7.5, 7, 10, 7.25], "texture": "#1"},
				"south": {"uv": [3.75, 8.75, 4, 9], "texture": "#1"},
				"west": {"uv": [7.5, 7.25, 10, 7.5], "texture": "#1"},
				"up": {"uv": [7.75, 10, 7.5, 7.5], "texture": "#1"},
				"down": {"uv": [8, 7.5, 7.75, 10], "texture": "#1"}
			}
		},
		{
			"from": [1, 7, 3],
			"to": [2, 8, 13],
			"faces": {
				"north": {"uv": [4, 8.75, 4.25, 9], "texture": "#1"},
				"east": {"uv": [0, 8, 2.5, 8.25], "texture": "#1"},
				"south": {"uv": [4.25, 8.75, 4.5, 9], "texture": "#1"},
				"west": {"uv": [8, 2, 10.5, 2.25], "texture": "#1"},
				"up": {"uv": [8.25, 4.75, 8, 2.25], "texture": "#1"},
				"down": {"uv": [2.75, 8, 2.5, 10.5], "texture": "#1"}
			}
		},
		{
			"from": [1, 7, 3],
			"to": [11, 8, 4],
			"faces": {
				"north": {"uv": [8, 4.75, 10.5, 5], "texture": "#1"},
				"east": {"uv": [4.5, 8.75, 4.75, 9], "texture": "#1"},
				"south": {"uv": [5, 8, 7.5, 8.25], "texture": "#1"},
				"west": {"uv": [4.75, 8.75, 5, 9], "texture": "#1"},
				"up": {"uv": [10.5, 7.75, 8, 7.5], "texture": "#1"},
				"down": {"uv": [10.5, 7.75, 8, 8], "texture": "#1"}
			}
		},
		{
			"from": [1, 7, 12],
			"to": [11, 8, 13],
			"faces": {
				"north": {"uv": [8, 8, 10.5, 8.25], "texture": "#1"},
				"east": {"uv": [8.75, 8.25, 9, 8.5], "texture": "#1"},
				"south": {"uv": [0, 8.25, 2.5, 8.5], "texture": "#1"},
				"west": {"uv": [8.75, 8.5, 9, 8.75], "texture": "#1"},
				"up": {"uv": [10.75, 2.5, 8.25, 2.25], "texture": "#1"},
				"down": {"uv": [10.75, 2.5, 8.25, 2.75], "texture": "#1"}
			}
		},
		{
			"from": [1, 7, 12],
			"to": [5, 13, 13],
			"faces": {
				"north": {"uv": [7, 3.5, 8, 5], "texture": "#1"},
				"east": {"uv": [7.25, 8.25, 7.5, 9.75], "texture": "#1"},
				"south": {"uv": [4, 7, 5, 8.5], "texture": "#1"},
				"west": {"uv": [8, 8.25, 8.25, 9.75], "texture": "#1"},
				"up": {"uv": [5, 8.75, 4, 8.5], "texture": "#1"},
				"down": {"uv": [2.25, 8.75, 1.25, 9], "texture": "#1"}
			}
		},
		{
			"from": [11, 8, 4],
			"to": [11, 12, 12],
			"faces": {
				"north": {"uv": [0, 0, 0, 1], "texture": "#1"},
				"east": {"uv": [7, 0, 9, 1], "texture": "#1"},
				"south": {"uv": [0, 0, 0, 1], "texture": "#1"},
				"west": {"uv": [7, 1, 9, 2], "texture": "#1"},
				"up": {"uv": [0, 2, 0, 0], "texture": "#1"},
				"down": {"uv": [0, 0, 0, 2], "texture": "#1"}
			}
		},
		{
			"from": [1, 8, 4],
			"to": [1, 12, 12],
			"faces": {
				"north": {"uv": [0, 0, 0, 1], "texture": "#1"},
				"east": {"uv": [7, 0, 9, 1], "texture": "#1"},
				"south": {"uv": [0, 0, 0, 1], "texture": "#1"},
				"west": {"uv": [7, 1, 9, 2], "texture": "#1"},
				"up": {"uv": [0, 2, 0, 0], "texture": "#1"},
				"down": {"uv": [0, 0, 0, 2], "texture": "#1"}
			}
		},
		{
			"from": [5, 8, 3],
			"to": [10, 12, 3],
			"faces": {
				"north": {"uv": [5, 7, 6.25, 8], "texture": "#1"},
				"east": {"uv": [0, 0, 0, 1], "texture": "#1"},
				"south": {"uv": [6.25, 7, 7.5, 8], "texture": "#1"},
				"west": {"uv": [0, 0, 0, 1], "texture": "#1"},
				"up": {"uv": [1.25, 0, 0, 0], "texture": "#1"},
				"down": {"uv": [1.25, 0, 0, 0], "texture": "#1"}
			}
		},
		{
			"from": [5, 8, 13],
			"to": [10, 12, 13],
			"faces": {
				"north": {"uv": [5, 7, 6.25, 8], "texture": "#1"},
				"east": {"uv": [0, 0, 0, 1], "texture": "#1"},
				"south": {"uv": [6.25, 7, 7.5, 8], "texture": "#1"},
				"west": {"uv": [0, 0, 0, 1], "texture": "#1"},
				"up": {"uv": [1.25, 0, 0, 0], "texture": "#1"},
				"down": {"uv": [1.25, 0, 0, 0], "texture": "#1"}
			}
		},
		{
			"from": [1, 0, 3],
			"to": [4, 3, 5],
			"faces": {
				"north": {"uv": [8.25, 2.75, 9, 3.5], "texture": "#1"},
				"east": {"uv": [8.25, 8.25, 8.75, 9], "texture": "#1"},
				"south": {"uv": [8.25, 3.5, 9, 4.25], "texture": "#1"},
				"west": {"uv": [0, 8.5, 0.5, 9.25], "texture": "#1"},
				"up": {"uv": [9, 4.75, 8.25, 4.25], "texture": "#1"},
				"down": {"uv": [1.25, 8.5, 0.5, 9], "texture": "#1"}
			}
		},
		{
			"from": [1, 0, 11],
			"to": [4, 3, 13],
			"faces": {
				"north": {"uv": [8.25, 2.75, 9, 3.5], "texture": "#1"},
				"east": {"uv": [8.25, 8.25, 8.75, 9], "texture": "#1"},
				"south": {"uv": [8.25, 3.5, 9, 4.25], "texture": "#1"},
				"west": {"uv": [0, 8.5, 0.5, 9.25], "texture": "#1"},
				"up": {"uv": [9, 4.75, 8.25, 4.25], "texture": "#1"},
				"down": {"uv": [1.25, 8.5, 0.5, 9], "texture": "#1"}
			}
		},
		{
			"from": [11, 0, 11],
			"to": [14, 3, 13],
			"faces": {
				"north": {"uv": [8.25, 2.75, 9, 3.5], "texture": "#1"},
				"east": {"uv": [8.25, 8.25, 8.75, 9], "texture": "#1"},
				"south": {"uv": [8.25, 3.5, 9, 4.25], "texture": "#1"},
				"west": {"uv": [0, 8.5, 0.5, 9.25], "texture": "#1"},
				"up": {"uv": [9, 4.75, 8.25, 4.25], "texture": "#1"},
				"down": {"uv": [1.25, 8.5, 0.5, 9], "texture": "#1"}
			}
		},
		{
			"from": [11, 0, 3],
			"to": [14, 3, 5],
			"faces": {
				"north": {"uv": [8.25, 2.75, 9, 3.5], "texture": "#1"},
				"east": {"uv": [8.25, 8.25, 8.75, 9], "texture": "#1"},
				"south": {"uv": [8.25, 3.5, 9, 4.25], "texture": "#1"},
				"west": {"uv": [0, 8.5, 0.5, 9.25], "texture": "#1"},
				"up": {"uv": [9, 4.75, 8.25, 4.25], "texture": "#1"},
				"down": {"uv": [1.25, 8.5, 0.5, 9], "texture": "#1"}
			}
		},
		{
			"name": "head",
			"from": [5, 9, 6.5],
			"to": [8, 12, 9.5],
			"faces": {
				"north": {"uv": [4, 2, 6, 4], "texture": "#2"},
				"east": {"uv": [2, 2, 4, 4], "texture": "#2"},
				"south": {"uv": [0, 2, 2, 4], "texture": "#2"},
				"west": {"uv": [6, 2, 8, 4], "texture": "#2"},
				"up": {"uv": [2, 0, 4, 2], "texture": "#2"},
				"down": {"uv": [4, 0, 6, 2], "texture": "#2"}
			}
		},
		{
			"name": "body",
			"from": [5.8, 6, 6.5],
			"to": [7.1, 9, 9.5],
			"faces": {
				"north": {"uv": [7, 5, 8, 7], "texture": "#2"},
				"east": {"uv": [5, 5, 7, 7], "texture": "#2"},
				"south": {"uv": [4, 5, 5, 7], "texture": "#2"},
				"west": {"uv": [8, 5, 10, 7], "texture": "#2"},
				"up": {"uv": [5, 4, 7, 5], "texture": "#2"},
				"down": {"uv": [7, 4, 9, 5], "texture": "#2"}
			}
		},
		{
			"name": "right",
			"from": [4.45, 7.35, 9.5],
			"to": [8.45, 8.65, 11],
			"rotation": {"angle": -22.5, "axis": "z", "origin": [6.45, 7, 8]},
			"faces": {
				"north": {"uv": [10, 5, 11, 8], "rotation": 90, "texture": "#2"},
				"east": {"uv": [12, 4, 13, 5], "rotation": 270, "texture": "#2"},
				"south": {"uv": [12, 5, 13, 8], "rotation": 270, "texture": "#2"},
				"west": {"uv": [11, 4, 12, 5], "rotation": 270, "texture": "#2"},
				"up": {"uv": [11, 5, 12, 8], "rotation": 270, "texture": "#2"},
				"down": {"uv": [13, 5, 14, 8], "rotation": 270, "texture": "#2"}
			}
		},
		{
			"name": "left",
			"from": [4.45, 7.35, 5],
			"to": [8.45, 8.65, 6.5],
			"rotation": {"angle": -22.5, "axis": "z", "origin": [6.45, 7, 8]},
			"faces": {
				"north": {"uv": [8, 13, 9, 16], "rotation": 90, "texture": "#2"},
				"east": {"uv": [10, 12, 11, 13], "rotation": 270, "texture": "#2"},
				"south": {"uv": [10, 13, 11, 16], "rotation": 270, "texture": "#2"},
				"west": {"uv": [9, 12, 10, 13], "rotation": 270, "texture": "#2"},
				"up": {"uv": [9, 13, 10, 16], "rotation": 270, "texture": "#2"},
				"down": {"uv": [11, 13, 12, 16], "rotation": 270, "texture": "#2"}
			}
		},
		{
			"name": "head",
			"from": [4.88, 8.88, 6.38],
			"to": [8.12, 12.12, 9.62],
			"faces": {
				"north": {"uv": [8, 1.75, 10, 3.75], "texture": "#2"},
				"east": {"uv": [10, 2, 12, 4], "texture": "#2"},
				"south": {"uv": [12, 2, 14, 4], "texture": "#2"},
				"west": {"uv": [14, 2, 16, 4], "texture": "#2"},
				"up": {"uv": [10, 0, 12, 2], "texture": "#2"},
				"down": {"uv": [12, 0, 14, 2], "texture": "#2"}
			}
		},
		{
			"name": "body",
			"from": [5.68, 5.88, 6.38],
			"to": [7.22, 9.12, 9.62],
			"faces": {
				"north": {"uv": [7, 9, 8, 11], "texture": "#2"},
				"east": {"uv": [5, 9, 7, 11], "texture": "#2"},
				"south": {"uv": [4, 9, 5, 11], "texture": "#2"},
				"west": {"uv": [8, 9, 10, 11], "texture": "#2"},
				"up": {"uv": [5, 8, 7, 9], "texture": "#2"},
				"down": {"uv": [7, 8, 9, 9], "texture": "#2"}
			}
		},
		{
			"name": "right",
			"from": [4.33, 7.23, 9.38],
			"to": [8.57, 8.77, 11.12],
			"rotation": {"angle": -22.5, "axis": "z", "origin": [6.45, 7, 8]},
			"faces": {
				"north": {"uv": [10, 9, 11, 12], "rotation": 90, "texture": "#2"},
				"east": {"uv": [12, 8, 13, 9], "rotation": 270, "texture": "#2"},
				"south": {"uv": [12, 9, 13, 12], "rotation": 270, "texture": "#2"},
				"west": {"uv": [11, 8, 12, 9], "rotation": 270, "texture": "#2"},
				"up": {"uv": [11, 9, 12, 12], "rotation": 270, "texture": "#2"},
				"down": {"uv": [13, 9, 14, 12], "rotation": 270, "texture": "#2"}
			}
		},
		{
			"name": "left",
			"from": [4.33, 7.23, 4.88],
			"to": [8.57, 8.77, 6.62],
			"rotation": {"angle": -22.5, "axis": "z", "origin": [6.45, 7, 8]},
			"faces": {
				"north": {"uv": [12, 13, 13, 16], "rotation": 90, "texture": "#2"},
				"east": {"uv": [14, 12, 15, 13], "rotation": 270, "texture": "#2"},
				"south": {"uv": [14, 13, 15, 16], "rotation": 270, "texture": "#2"},
				"west": {"uv": [13, 12, 14, 13], "rotation": 270, "texture": "#2"},
				"up": {"uv": [13, 13, 14, 16], "rotation": 270, "texture": "#2"},
				"down": {"uv": [15, 13, 16, 16], "rotation": 270, "texture": "#2"}
			}
		}
	],
	"display": {
		"thirdperson_righthand": {
			"rotation": [76, 61, -11],
			"translation": [0.25, 1.25, 0],
			"scale": [0.2, 0.2, 0.2]
		},
		"thirdperson_lefthand": {
			"rotation": [77, -63, -11],
			"scale": [0.2, 0.2, 0.2]
		},
		"ground": {
			"translation": [0, 0.25, 0],
			"scale": [0.6, 0.6, 0.6]
		},
		"gui": {
			"rotation": [25, -116, 18],
			"scale": [0.7, 0.7, 0.7]
		},
		"head": {
			"rotation": [0, 90, 0],
			"translation": [0, -12, 0],
			"scale": [4, 4, 4]
		},
		"fixed": {
			"rotation": [0, 90, 0]
		}
	},
	"groups": [
		0,
		{
			"name": "windows and framses",
			"origin": [0, 0, 0],
			"color": 0,
			"children": [1, 2, 3, 4, 5, 6, 7, 8, 9, 10, 11, 12, 13]
		},
		{
			"name": "wheels",
			"origin": [0, 0, 0],
			"color": 0,
			"children": [14, 15, 16, 17]
		},
		{
			"name": "player",
			"origin": [8, 8, 8],
			"color": 0,
			"children": [
				18,
				19,
				20,
				21,
				{
					"name": "outer",
					"origin": [6.45, 7, 8],
					"color": 0,
					"children": [22, 23, 24, 25]
				}
			]
		}
	]
}