{
	"credit": "Made with Blockbench",
	"texture_size": [64, 64],
	"textures": {
		"0": "item/computerdecor",
		"particle": "item/computerdecor"
	},
	"elements": [
		{
			"name": "tower",
			"from": [1, 0, 6],
			"to": [4, 8, 15],
			"faces": {
				"north": {"uv": [4, 4.5, 4.75, 6.5], "texture": "#0"},
				"east": {"uv": [0, 0, 2.25, 2], "texture": "#0"},
				"south": {"uv": [4.75, 0, 5.5, 2], "texture": "#0"},
				"west": {"uv": [0, 2, 2.25, 4], "texture": "#0"},
				"up": {"uv": [3.25, 6.75, 2.5, 4.5], "texture": "#0"},
				"down": {"uv": [4, 4.5, 3.25, 6.75], "texture": "#0"}
			}
		},
		{
			"name": "screen",
			"from": [5, 3, 6],
			"to": [15, 10, 7],
			"faces": {
				"north": {"uv": [2.25, 0, 4.75, 1.75], "texture": "#0"},
				"east": {"uv": [0.5, 5.5, 0.75, 7.25], "texture": "#0"},
				"south": {"uv": [2.25, 1.75, 4.75, 3.5], "texture": "#0"},
				"west": {"uv": [0.75, 5.5, 1, 7.25], "texture": "#0"},
				"up": {"uv": [8, 1.75, 5.5, 1.5], "texture": "#0"},
				"down": {"uv": [8, 1.75, 5.5, 2], "texture": "#0"}
			}
		},
		{
			"name": "stand",
			"from": [9, 0, 7],
			"to": [11, 6, 9],
			"faces": {
				"north": {"uv": [4.75, 4, 5.25, 5.5], "texture": "#0"},
				"east": {"uv": [5.25, 4, 5.75, 5.5], "texture": "#0"},
				"south": {"uv": [0, 5.5, 0.5, 7], "texture": "#0"},
				"west": {"uv": [5.5, 0, 6, 1.5], "texture": "#0"},
				"up": {"uv": [2, 4.5, 1.5, 4], "texture": "#0"},
				"down": {"uv": [2.5, 5.5, 2, 6], "texture": "#0"}
			}
		},
		{
			"name": "base",
			"from": [7, 0, 6],
			"to": [13, 1, 10],
			"faces": {
				"north": {"uv": [0, 4, 1.5, 4.25], "texture": "#0"},
				"east": {"uv": [5.75, 4.25, 6.75, 4.5], "texture": "#0"},
				"south": {"uv": [0, 4.25, 1.5, 4.5], "texture": "#0"},
				"west": {"uv": [5.75, 4.5, 6.75, 4.75], "texture": "#0"},
				"up": {"uv": [6.25, 3, 4.75, 2], "texture": "#0"},
				"down": {"uv": [6.25, 3, 4.75, 4], "texture": "#0"}
			}
		},
		{
			"name": "keyboard",
			"from": [5, 0, 1],
			"to": [15, 1, 5],
			"faces": {
				"north": {"uv": [4.75, 5.5, 7.25, 5.75], "texture": "#0"},
				"east": {"uv": [4.75, 5.75, 5.75, 6], "texture": "#0"},
				"south": {"uv": [5.75, 4, 8.25, 4.25], "texture": "#0"},
				"west": {"uv": [5.75, 4.75, 6.75, 5], "texture": "#0"},
				"up": {"uv": [4.75, 4.5, 2.25, 3.5], "texture": "#0"},
				"down": {"uv": [2.5, 4.5, 0, 5.5], "texture": "#0"}
			}
		},
		{
			"name": "mouse",
			"from": [2, 0, 1],
			"to": [4, 1, 4],
			"faces": {
				"north": {"uv": [5.75, 5.75, 6.25, 6], "texture": "#0"},
				"east": {"uv": [5.75, 5, 6.5, 5.25], "texture": "#0"},
				"south": {"uv": [6, 0, 6.5, 0.25], "texture": "#0"},
				"west": {"uv": [5.75, 5.25, 6.5, 5.5], "texture": "#0"},
				"up": {"uv": [1.5, 6.25, 1, 5.5], "texture": "#0"},
				"down": {"uv": [2, 5.5, 1.5, 6.25], "texture": "#0"}
			}
		}
	],
	"display": {
		"thirdperson_righthand": {
			"rotation": [79.75, 0, 0],
			"translation": [0.25, 1, 3],
			"scale": [0.5, 0.5, 0.5]
		},
		"ground": {
			"rotation": [0, 0, -1],
			"translation": [0, -0.75, 0],
			"scale": [0.5, 0.5, 0.5]
		},
		"gui": {
			"rotation": [-180, 0, -180],
			"translation": [0.25, 2.5, 0],
			"scale": [1, 1, 0.01]
		},
		"head": {
			"translation": [0, -17.75, 0],
			"scale": [1.7, 1.7, 1.7]
		},
		"fixed": {
			"translation": [-0.5, 32.25, 16],
			"scale": [2, 2, 2]
		}
	}
}