{
	"credit": "Made with Blockbench",
	"texture_size": [32, 32],
	"textures": {
		"1": "item/DealMaker"
	},
	"elements": [
		{
			"from": [9, 1, 5],
			"to": [14, 4, 6],
			"faces": {
				"north": {"uv": [0, 2.5, 2.5, 4], "texture": "#1"},
				"east": {"uv": [6.5, 4, 7, 5.5], "texture": "#1"},
				"south": {"uv": [2.5, 2.5, 5, 4], "texture": "#1"},
				"west": {"uv": [6.5, 5.5, 7, 7], "texture": "#1"},
				"up": {"uv": [8, 0.5, 5.5, 0], "texture": "#1"},
				"down": {"uv": [8, 0.5, 5.5, 1], "texture": "#1"}
			}
		},
		{
			"from": [10, 0, 5],
			"to": [13, 5, 6],
			"faces": {
				"north": {"uv": [2.5, 4, 4, 6.5], "texture": "#1"},
				"east": {"uv": [6, 4, 6.5, 6.5], "texture": "#1"},
				"south": {"uv": [4, 4, 5.5, 6.5], "texture": "#1"},
				"west": {"uv": [5.5, 6, 6, 8.5], "texture": "#1"},
				"up": {"uv": [4.5, 7.5, 3, 7], "texture": "#1"},
				"down": {"uv": [8.5, 4, 7, 4.5], "texture": "#1"}
			}
		},
		{
			"from": [2, 1, 5],
			"to": [7, 4, 6],
			"faces": {
				"north": {"uv": [3, 0, 5.5, 1.5], "texture": "#1"},
				"east": {"uv": [6, 6.5, 6.5, 8], "texture": "#1"},
				"south": {"uv": [0, 4, 2.5, 5.5], "texture": "#1"},
				"west": {"uv": [2.5, 7, 3, 8.5], "texture": "#1"},
				"up": {"uv": [8, 1.5, 5.5, 1], "texture": "#1"},
				"down": {"uv": [8.5, 3.5, 6, 4], "texture": "#1"}
			}
		},
		{
			"from": [3, 0, 5],
			"to": [6, 5, 6],
			"faces": {
				"north": {"uv": [0, 0, 1.5, 2.5], "texture": "#1"},
				"east": {"uv": [2, 5.5, 2.5, 8], "texture": "#1"},
				"south": {"uv": [1.5, 0, 3, 2.5], "texture": "#1"},
				"west": {"uv": [5.5, 3.5, 6, 6], "texture": "#1"},
				"up": {"uv": [4, 7, 2.5, 6.5], "texture": "#1"},
				"down": {"uv": [5.5, 6.5, 4, 7], "texture": "#1"}
			}
		},
		{
			"from": [13, 2, 6],
			"to": [14, 3, 16],
			"faces": {
				"north": {"uv": [5, 3.5, 5.5, 4], "texture": "#1"},
				"east": {"uv": [3, 1.5, 8, 2], "texture": "#1"},
				"south": {"uv": [7, 6, 7.5, 6.5], "texture": "#1"},
				"west": {"uv": [3, 2, 8, 2.5], "texture": "#1"},
				"up": {"uv": [0.5, 10.5, 0, 5.5], "texture": "#1"},
				"down": {"uv": [1, 5.5, 0.5, 10.5], "texture": "#1"}
			}
		},
		{
			"from": [2, 2, 6],
			"to": [3, 3, 16],
			"faces": {
				"north": {"uv": [6.5, 7, 7, 7.5], "texture": "#1"},
				"east": {"uv": [5, 2.5, 10, 3], "texture": "#1"},
				"south": {"uv": [7, 6.5, 7.5, 7], "texture": "#1"},
				"west": {"uv": [5, 3, 10, 3.5], "texture": "#1"},
				"up": {"uv": [1.5, 10.5, 1, 5.5], "texture": "#1"},
				"down": {"uv": [2, 5.5, 1.5, 10.5], "texture": "#1"}
			}
		},
		{
			"from": [7, 2, 5],
			"to": [9, 3, 6],
			"faces": {
				"north": {"uv": [4.5, 7, 5.5, 7.5], "texture": "#1"},
				"east": {"uv": [7, 7, 7.5, 7.5], "texture": "#1"},
				"south": {"uv": [7, 4.5, 8, 5], "texture": "#1"},
				"west": {"uv": [3, 7.5, 3.5, 8], "texture": "#1"},
				"up": {"uv": [8, 5.5, 7, 5], "texture": "#1"},
				"down": {"uv": [8, 5.5, 7, 6], "texture": "#1"}
			}
		}
	],
	"display": {
		"thirdperson_righthand": {
			"rotation": [73, 0, 0],
			"translation": [0, 0, 4.5],
			"scale": [0.5, 0.5, 0.5]
		},
		"thirdperson_lefthand": {
			"rotation": [73, 0, 0],
			"translation": [0, 0, 4.5],
			"scale": [0.5, 0.5, 0.5]
		},
		"firstperson_righthand": {
			"translation": [0.75, 4.25, 0]
		},
		"firstperson_lefthand": {
			"translation": [0, 4, 0]
		},
		"ground": {
			"translation": [0, 3, 0]
		},
		"gui": {
			"rotation": [27, 151, 0],
			"translation": [-1, 4, 0]
		},
		"head": {
			"translation": [0, 7, -4.25],
			"scale": [1.3, 1.3, 1.3]
		},
		"fixed": {
			"translation": [0, 6.25, -2.5]
		}
	}
}