{
	"credit": "Made with Blockbench",
	"texture_size": [32, 32],
	"textures": {
		"0": "item/duck",
		"particle": "item/duck"
	},
	"elements": [
		{
			"name": "body",
			"from": [5, 4, 4],
			"to": [11, 9, 14],
			"faces": {
				"north": {"uv": [6, 0, 9, 2.5], "texture": "#0"},
				"east": {"uv": [0, 5, 5, 7.5], "texture": "#0"},
				"south": {"uv": [6, 2.5, 9, 5], "texture": "#0"},
				"west": {"uv": [5, 5, 10, 7.5], "texture": "#0"},
				"up": {"uv": [3, 5, 0, 0], "texture": "#0"},
				"down": {"uv": [6, 0, 3, 5], "texture": "#0"}
			}
		},
		{
			"name": "head",
			"from": [6, 10, 2],
			"to": [10, 14, 6],
			"faces": {
				"north": {"uv": [9, 2, 11, 4], "texture": "#0"},
				"east": {"uv": [9, 7.5, 11, 9.5], "texture": "#0"},
				"south": {"uv": [0, 9.5, 2, 11.5], "texture": "#0"},
				"west": {"uv": [2, 9.5, 4, 11.5], "texture": "#0"},
				"up": {"uv": [6, 11.5, 4, 9.5], "texture": "#0"},
				"down": {"uv": [8, 9.5, 6, 11.5], "texture": "#0"}
			}
		},
		{
			"name": "beak",
			"from": [6, 11, 0],
			"to": [10, 13, 2],
			"faces": {
				"north": {"uv": [11, 11.5, 13, 12.5], "texture": "#0"},
				"east": {"uv": [9, 4, 10, 5], "texture": "#0"},
				"south": {"uv": [12, 0, 14, 1], "texture": "#0"},
				"west": {"uv": [10, 6.5, 11, 7.5], "texture": "#0"},
				"up": {"uv": [14, 2, 12, 1], "texture": "#0"},
				"down": {"uv": [9.5, 12, 7.5, 13], "texture": "#0"}
			}
		},
		{
			"name": "leg0",
			"from": [8, 0, 10],
			"to": [11, 5, 10],
			"faces": {
				"north": {"uv": [8, 9.5, 9.5, 12], "texture": "#0"},
				"east": {"uv": [9.5, 9.5, 11, 12], "texture": "#0"},
				"south": {"uv": [10, 4, 11.5, 6.5], "texture": "#0"},
				"west": {"uv": [11, 6.5, 12.5, 9], "texture": "#0"},
				"up": {"uv": [4.5, 13, 3, 11.5], "texture": "#0"},
				"down": {"uv": [6, 11.5, 4.5, 13], "texture": "#0"}
			}
		},
		{
			"name": "leg1",
			"from": [5, 0, 10],
			"to": [8, 5, 10],
			"faces": {
				"north": {"uv": [11, 9, 12.5, 11.5], "texture": "#0"},
				"east": {"uv": [0, 11.5, 1.5, 14], "texture": "#0"},
				"south": {"uv": [1.5, 11.5, 3, 14], "texture": "#0"},
				"west": {"uv": [11.5, 2, 13, 4.5], "texture": "#0"},
				"up": {"uv": [13, 6, 11.5, 4.5], "texture": "#0"},
				"down": {"uv": [7.5, 11.5, 6, 13], "texture": "#0"}
			}
		},
		{
			"name": "wing0",
			"from": [11, 5, 6],
			"to": [12, 9, 12],
			"faces": {
				"north": {"uv": [11, 2, 11.5, 4], "texture": "#0"},
				"east": {"uv": [0, 7.5, 3, 9.5], "texture": "#0"},
				"south": {"uv": [11, 12.5, 11.5, 14.5], "texture": "#0"},
				"west": {"uv": [3, 7.5, 6, 9.5], "texture": "#0"},
				"up": {"uv": [10, 15, 9.5, 12], "texture": "#0"},
				"down": {"uv": [10.5, 12, 10, 15], "texture": "#0"}
			}
		},
		{
			"name": "wing1",
			"from": [4, 5, 6],
			"to": [5, 9, 12],
			"faces": {
				"north": {"uv": [11.5, 12.5, 12, 14.5], "texture": "#0"},
				"east": {"uv": [6, 7.5, 9, 9.5], "texture": "#0"},
				"south": {"uv": [12, 12.5, 12.5, 14.5], "texture": "#0"},
				"west": {"uv": [9, 0, 12, 2], "texture": "#0"},
				"up": {"uv": [11, 15, 10.5, 12], "texture": "#0"},
				"down": {"uv": [13, 8, 12.5, 11], "texture": "#0"}
			}
		},
		{
			"name": "neck",
			"from": [6, 9, 4],
			"to": [10, 10, 6],
			"faces": {
				"north": {"uv": [12.5, 11, 14.5, 11.5], "texture": "#0"},
				"east": {"uv": [11.5, 6, 12.5, 6.5], "texture": "#0"},
				"south": {"uv": [12.5, 12.5, 14.5, 13], "texture": "#0"},
				"west": {"uv": [13, 2, 14, 2.5], "texture": "#0"},
				"up": {"uv": [14.5, 7, 12.5, 6], "texture": "#0"},
				"down": {"uv": [14.5, 7, 12.5, 8], "texture": "#0"}
			}
		},
		{
			"name": "feet",
			"from": [5, 0, 8],
			"to": [11, 0, 10],
			"faces": {
				"north": {"uv": [4.5, 11.5, 7.5, 12.5], "texture": "#0"},
				"east": {"uv": [4.5, 11.5, 7.5, 12.5], "texture": "#0"},
				"south": {"uv": [4.5, 11.5, 7.5, 12.5], "texture": "#0"},
				"west": {"uv": [4.5, 11.5, 7.5, 12.5], "texture": "#0"},
				"up": {"uv": [4.5, 11.5, 7.5, 12.5], "texture": "#0"},
				"down": {"uv": [4.5, 11.5, 7.5, 12.5], "texture": "#0"}
			}
		}
	],
	"display": {
		"thirdperson_righthand": {
			"rotation": [69.03, 0.08, 1.52],
			"translation": [-5.75, 4.5, 0]
		},
		"ground": {
			"translation": [0, -1.25, 0],
			"scale": [0.5, 0.5, 0.5]
		},
		"gui": {
			"rotation": [-180, 38.25, -180]
		},
		"head": {
			"translation": [0, -25.75, 0],
			"scale": [2.4, 2.4, 2.4]
		},
		"fixed": {
			"translation": [0, 0, -8]
		}
	}
}