{
	"credit": "Made with Blockbench",
	"texture_size": [32, 32],
	"textures": {
		"0": "item/flag",
		"1": "item/pole",
		"particle": "item/flag"
	},
	"elements": [
		{
			"from": [7, 0, -2],
			"to": [9, 30, 0],
			"faces": {
				"north": {"uv": [0, 0, 1, 15], "texture": "#1"},
				"east": {"uv": [1, 0, 2, 15], "texture": "#1"},
				"south": {"uv": [2, 0, 3, 15], "texture": "#1"},
				"west": {"uv": [3, 0, 4, 15], "texture": "#1"},
				"up": {"uv": [7, 5, 6, 4], "texture": "#1"},
				"down": {"uv": [7, 5, 6, 6], "texture": "#1"}
			}
		},
		{
			"from": [6, 28, -3],
			"to": [10, 32, 1],
			"faces": {
				"north": {"uv": [4, 0, 6, 2], "texture": "#1"},
				"east": {"uv": [4, 2, 6, 4], "texture": "#1"},
				"south": {"uv": [4, 4, 6, 6], "texture": "#1"},
				"west": {"uv": [6, 0, 8, 2], "texture": "#1"},
				"up": {"uv": [8, 4, 6, 2], "texture": "#1"},
				"down": {"uv": [6, 6, 4, 8], "texture": "#1"}
			}
		},
		{
			"from": [8, 16, 0],
			"to": [8, 28, 18],
			"faces": {
				"north": {"uv": [0, 0, 0, 16], "texture": "#0"},
				"east": {"uv": [0, 0, 16, 16], "texture": "#0"},
				"south": {"uv": [16, 0, 16, 16], "texture": "#0"},
				"west": {"uv": [0, 0, 16, 16], "texture": "#0"},
				"up": {"uv": [0, 0, 16, 0], "texture": "#0"},
				"down": {"uv": [16, 16, 0, 16], "texture": "#0"}
			}
		}
	],
	"display": {
		"thirdperson_righthand": {
			"rotation": [60, 180, 0],
			"translation": [0, 11, 3.5]
		},
		"thirdperson_lefthand": {
			"rotation": [60, -180, 0],
			"translation": [0, 11, 3.5]
		},
		"firstperson_righthand": {
			"rotation": [0, 180, 0],
			"translation": [0, 0, -2],
			"scale": [0.6, 0.6, 0.6]
		},
		"firstperson_lefthand": {
			"rotation": [0, 180, 0],
			"translation": [0, 0, -2],
			"scale": [0.6, 0.6, 0.6]
		},
		"ground": {
			"scale": [0.4, 0.4, 0.4]
		},
		"gui": {
			"rotation": [0, 90, 0],
			"translation": [0, -3.75, 0],
			"scale": [0.5, 0.5, 0.5]
		},
		"head": {
			"rotation": [0, 180, 0],
			"translation": [0, 21.75, -18.25],
			"scale": [2, 2, 2]
		},
		"fixed": {
			"rotation": [-10, 180, 0],
			"translation": [0, 2.5, -18.25],
			"scale": [2, 2, 2]
		}
	}
}