{
	"credit": "Made with Blockbench",
	"texture_size": [32, 32],
	"textures": {
		"0": "item/key",
		"particle": "item/key"
	},
	"elements": [
		{
			"from": [-6, 0, 3],
			"to": [22, 2, 13],
			"faces": {
				"north": {"uv": [0, 10, 14, 11], "texture": "#0"},
				"east": {"uv": [0, 12, 5, 13], "texture": "#0"},
				"south": {"uv": [0, 11, 14, 12], "texture": "#0"},
				"west": {"uv": [5, 12, 10, 13], "texture": "#0"},
				"up": {"uv": [14, 5, 0, 0], "texture": "#0"},
				"down": {"uv": [14, 5, 0, 10], "texture": "#0"}
			}
		}
	],
	"display": {
		"thirdperson_righthand": {
			"rotation": [35, 0, -92],
			"translation": [7.25, 5.5, 3]
		},
		"thirdperson_lefthand": {
			"translation": [-5.5, 7.75, 3.75]
		},
		"firstperson_righthand": {
			"rotation": [12, -139, -80],
			"translation": [-1.75, 5.25, 0]
		},
		"firstperson_lefthand": {
			"rotation": [90, -180, 0],
			"translation": [-9, 1, 5.5]
		},
		"ground": {
			"translation": [0, 4, 0]
		},
		"gui": {
			"rotation": [89, -145, 0],
			"scale": [0.7, 0.7, 0.7]
		},
		"head": {
			"rotation": [-80, 0, 0],
			"translation": [0, -15, -31],
			"scale": [4, 4, 4]
		},
		"fixed": {
			"rotation": [-90, 0, 0],
			"translation": [0, 0, -9]
		}
	}
}