{
	"credit": "Made with Blockbench",
	"textures": {
		"0": "item/glasses",
		"particle": "item/glasses"
	},
	"elements": [
		{
			"from": [8.5, 0, 5],
			"to": [14, 4.8, 6],
			"faces": {
				"north": {"uv": [0, 0, 5, 4], "texture": "#0"},
				"east": {"uv": [7, 4, 8, 8], "texture": "#0"},
				"south": {"uv": [0, 4, 5, 8], "texture": "#0"},
				"west": {"uv": [0, 8, 1, 12], "texture": "#0"},
				"up": {"uv": [12, 3, 7, 2], "texture": "#0"},
				"down": {"uv": [12, 3, 7, 4], "texture": "#0"}
			}
		},
		{
			"from": [2, 0, 5],
			"to": [7.5, 4.8, 6],
			"faces": {
				"north": {"uv": [0, 0, 5, 4], "texture": "#0"},
				"east": {"uv": [7, 4, 8, 8], "texture": "#0"},
				"south": {"uv": [0, 4, 5, 8], "texture": "#0"},
				"west": {"uv": [0, 8, 1, 12], "texture": "#0"},
				"up": {"uv": [12, 3, 7, 2], "texture": "#0"},
				"down": {"uv": [12, 3, 7, 4], "texture": "#0"}
			}
		},
		{
			"from": [13, 2, 6],
			"to": [14, 3, 16],
			"faces": {
				"north": {"uv": [8, 6, 9, 7], "texture": "#0"},
				"east": {"uv": [5, 0, 15, 1], "texture": "#0"},
				"south": {"uv": [7, 8, 8, 9], "texture": "#0"},
				"west": {"uv": [5, 1, 15, 2], "texture": "#0"},
				"up": {"uv": [6, 12, 5, 2], "texture": "#0"},
				"down": {"uv": [7, 2, 6, 12], "texture": "#0"}
			}
		},
		{
			"from": [2, 2, 6],
			"to": [3, 3, 16],
			"faces": {
				"north": {"uv": [8, 6, 9, 7], "texture": "#0"},
				"east": {"uv": [5, 0, 15, 1], "texture": "#0"},
				"south": {"uv": [7, 8, 8, 9], "texture": "#0"},
				"west": {"uv": [5, 1, 15, 2], "texture": "#0"},
				"up": {"uv": [6, 12, 5, 2], "texture": "#0"},
				"down": {"uv": [7, 2, 6, 12], "texture": "#0"}
			}
		},
		{
			"from": [7.5, 2.5, 5],
			"to": [8.5, 3.5, 6],
			"faces": {
				"north": {"uv": [1, 8, 3, 9], "texture": "#0"},
				"east": {"uv": [8, 7, 9, 8], "texture": "#0"},
				"south": {"uv": [3, 8, 5, 9], "texture": "#0"},
				"west": {"uv": [8, 8, 9, 9], "texture": "#0"},
				"up": {"uv": [10, 5, 8, 4], "texture": "#0"},
				"down": {"uv": [10, 5, 8, 6], "texture": "#0"}
			}
		}
	],
	"display": {
		"thirdperson_righthand": {
			"rotation": [73, 0, 0],
			"translation": [0, 0, 4.5],
			"scale": [0.5, 0.5, 0.5]
		},
		"thirdperson_lefthand": {
			"rotation": [73, 0, 0],
			"translation": [0, 0, 4.5],
			"scale": [0.5, 0.5, 0.5]
		},
		"firstperson_righthand": {
			"translation": [0.75, 4.25, 0]
		},
		"firstperson_lefthand": {
			"translation": [0, 4, 0]
		},
		"ground": {
			"translation": [0, 3, 0]
		},
		"gui": {
			"rotation": [27, 151, 0],
			"translation": [-1, 4, 0]
		},
		"head": {
			"translation": [0, 7, -4.25],
			"scale": [1.3, 1.3, 1.3]
		},
		"fixed": {
			"translation": [0, 6.25, -2.5]
		}
	}
}