{
	"credit": "Made with Blockbench",
	"textures": {
		"0": "entity/pig/pig",
		"particle": "entity/pig/pig"
	},
	"elements": [
		{
			"name": "head",
			"from": [6, 1, 3],
			"to": [10, 4, 4],
			"faces": {
				"north": {"uv": [5.25, 8.5, 4.25, 10], "texture": "#0"},
				"east": {"uv": [4, 8.5, 4.25, 10], "texture": "#0"},
				"south": {"uv": [4.25, 8.5, 5.25, 10], "texture": "#0"},
				"west": {"uv": [5.25, 8.5, 5.5, 10], "texture": "#0"},
				"up": {"uv": [4.25, 8, 5.25, 8.5], "texture": "#0"},
				"down": {"uv": [5.25, 8, 6.25, 8.5], "texture": "#0"}
			}
		},
		{
			"name": "head",
			"from": [4, 0, 4],
			"to": [12, 8, 12],
			"faces": {
				"north": {"uv": [2, 4, 4, 8], "texture": "#0"},
				"east": {"uv": [0, 4, 2, 8], "texture": "#0"},
				"south": {"uv": [8, 4, 6, 8], "texture": "#0"},
				"west": {"uv": [4, 4, 6, 8], "texture": "#0"},
				"up": {"uv": [4, 4, 2, 0], "texture": "#0"},
				"down": {"uv": [6, 0, 4, 4], "texture": "#0"}
			}
		}
	],
	"display": {
		"thirdperson_righthand": {
			"rotation": [90, 0, 0],
			"translation": [-5.75, 42, -7.25],
			"scale": [3, 3, 3]
		},
		"head": {
			"translation": [0, -16.5, -27],
			"scale": [2.6, 2.6, 2.6]
		}
	}
}