{
	"credit": "Made with Blockbench",
	"texture_size": [32, 32],
	"textures": {
		"2": "item/SpamtonModelCustom",
		"particle": "item/SpamtonModelCustom"
	},
	"elements": [
		{
			"from": [9, 1, 5],
			"to": [14, 4, 6],
			"faces": {
				"north": {"uv": [0, 0, 2.5, 1.5], "texture": "#2"},
				"east": {"uv": [6.5, 0, 7, 1.5], "texture": "#2"},
				"south": {"uv": [0, 1.5, 2.5, 3], "texture": "#2"},
				"west": {"uv": [5, 6.5, 5.5, 8], "texture": "#2"},
				"up": {"uv": [8, 4, 5.5, 3.5], "texture": "#2"},
				"down": {"uv": [8, 4, 5.5, 4.5], "texture": "#2"}
			}
		},
		{
			"from": [10, 0, 5],
			"to": [13, 5, 6],
			"faces": {
				"north": {"uv": [2.5, 0, 4, 2.5], "texture": "#2"},
				"east": {"uv": [2, 4.5, 2.5, 7], "texture": "#2"},
				"south": {"uv": [2.5, 2.5, 4, 5], "texture": "#2"},
				"west": {"uv": [2.5, 5, 3, 7.5], "texture": "#2"},
				"up": {"uv": [7, 7, 5.5, 6.5], "texture": "#2"},
				"down": {"uv": [8.5, 0, 7, 0.5], "texture": "#2"}
			}
		},
		{
			"from": [2, 1, 5],
			"to": [7, 4, 6],
			"faces": {
				"north": {"uv": [0, 3, 2.5, 4.5], "texture": "#2"},
				"east": {"uv": [2, 7, 2.5, 8.5], "texture": "#2"},
				"south": {"uv": [4, 0, 6.5, 1.5], "texture": "#2"},
				"west": {"uv": [5.5, 7, 6, 8.5], "texture": "#2"},
				"up": {"uv": [8, 5, 5.5, 4.5], "texture": "#2"},
				"down": {"uv": [8, 5, 5.5, 5.5], "texture": "#2"}
			}
		},
		{
			"from": [3, 0, 5],
			"to": [6, 5, 6],
			"faces": {
				"north": {"uv": [4, 1.5, 5.5, 4], "texture": "#2"},
				"east": {"uv": [3, 5, 3.5, 7.5], "texture": "#2"},
				"south": {"uv": [4, 4, 5.5, 6.5], "texture": "#2"},
				"west": {"uv": [3.5, 5, 4, 7.5], "texture": "#2"},
				"up": {"uv": [8.5, 1, 7, 0.5], "texture": "#2"},
				"down": {"uv": [8.5, 1, 7, 1.5], "texture": "#2"}
			}
		},
		{
			"from": [13, 2, 6],
			"to": [14, 3, 16],
			"faces": {
				"north": {"uv": [3.5, 7.5, 4, 8], "texture": "#2"},
				"east": {"uv": [5.5, 1.5, 10.5, 2], "texture": "#2"},
				"south": {"uv": [6, 7.5, 6.5, 8], "texture": "#2"},
				"west": {"uv": [5.5, 2, 10.5, 2.5], "texture": "#2"},
				"up": {"uv": [0.5, 9.5, 0, 4.5], "texture": "#2"},
				"down": {"uv": [1, 4.5, 0.5, 9.5], "texture": "#2"}
			}
		},
		{
			"from": [2, 2, 6],
			"to": [3, 3, 16],
			"faces": {
				"north": {"uv": [6.5, 7.5, 7, 8], "texture": "#2"},
				"east": {"uv": [5.5, 2.5, 10.5, 3], "texture": "#2"},
				"south": {"uv": [7, 7.5, 7.5, 8], "texture": "#2"},
				"west": {"uv": [5.5, 3, 10.5, 3.5], "texture": "#2"},
				"up": {"uv": [1.5, 9.5, 1, 4.5], "texture": "#2"},
				"down": {"uv": [2, 4.5, 1.5, 9.5], "texture": "#2"}
			}
		},
		{
			"from": [7, 2, 5],
			"to": [9, 3, 6],
			"faces": {
				"north": {"uv": [6, 7, 7, 7.5], "texture": "#2"},
				"east": {"uv": [7.5, 7.5, 8, 8], "texture": "#2"},
				"south": {"uv": [7, 6.5, 8, 7], "texture": "#2"},
				"west": {"uv": [2.5, 8, 3, 8.5], "texture": "#2"},
				"up": {"uv": [8, 7.5, 7, 7], "texture": "#2"},
				"down": {"uv": [3.5, 7.5, 2.5, 8], "texture": "#2"}
			}
		},
		{
			"from": [7.34, -0.16, 0.84],
			"to": [8.66, 1.16, 6.16],
			"faces": {
				"north": {"uv": [3, 8, 3.5, 8.5], "texture": "#2"},
				"east": {"uv": [5.5, 5.5, 8, 6], "texture": "#2"},
				"south": {"uv": [3.5, 8, 4, 8.5], "texture": "#2"},
				"west": {"uv": [5.5, 6, 8, 6.5], "texture": "#2"},
				"up": {"uv": [4.5, 9, 4, 6.5], "texture": "#2"},
				"down": {"uv": [5, 6.5, 4.5, 9], "texture": "#2"}
			}
		}
	],
	"display": {
		"thirdperson_righthand": {
			"rotation": [73, 0, 0],
			"translation": [0, 0, 4.5],
			"scale": [0.5, 0.5, 0.5]
		},
		"thirdperson_lefthand": {
			"rotation": [73, 0, 0],
			"translation": [0, 0, 4.5],
			"scale": [0.5, 0.5, 0.5]
		},
		"firstperson_righthand": {
			"translation": [0.75, 4.25, 0]
		},
		"firstperson_lefthand": {
			"translation": [0, 4, 0]
		},
		"ground": {
			"translation": [0, 3, 0]
		},
		"gui": {
			"rotation": [27, 151, 0],
			"translation": [-1, 4, 0]
		},
		"head": {
			"translation": [0, 9.25, -4.25],
			"scale": [1.3, 1.3, 1.3]
		},
		"fixed": {
			"translation": [0, 6.25, -2.5]
		}
	}
}